{"Australia, Victoria": [-36.5986096, 144.6780052], "Australia, Queensland": [-22.1646782, 144.5844903], "Australia, New South Wales": [-31.8759835, 147.2869493], "Cambodia": [13.5066394, 104.869423], "Canada, Ontario": [50.000678, -86.000977], "Canada, British Columbia": [55.001251, -125.002441], "China, Anhui": [32.0, 117.0], "China, Fujian": [26.5450001, 117.842778], "China, Guizhou": [27.0, 107.0], "China, Hebei": [39.0000001, 116.0], "China, Jiangsu": [33.0000001, 119.9999999], "China, Macau": [22.1757605, 113.5514142], "China, Ningxia": [37.0000001, 105.9999999], "China, Shanxi": [37.0, 112.0], "China, Taiwan": [23.9739374, 120.9820179], "China, Yunnan": [25.0, 102.0], "China, Jilin": [42.9995032, 125.9816054], "China, Inner Mongolia": [43.2443242, 114.3251664], "China, Qinghai": [35.40709525, 95.95211573241954], "China, Tibet": [31.894343149999997, 87.07813712706509], "China, Guangxi": [24.0, 109.0], "China, Jiangxi": [28.0, 116.0], "China, Liaoning": [40.9975197, 122.9955469], "China, Shandong": [36.0000001, 118.9999999], "China, Gansu": [38.0000001, 101.9999999], "China, Heilongjiang": [48.0000047, 127.999992], "China, Xinjiang": [41.7574769, 87.16738423046897], "China, Shaanxi": [36.0, 109.0], "China, Hainan": [19.2000001, 109.5999999], "China, Hunan": [27.9995878, 112.009538], "China, Tianjin": [39.1235635, 117.1980785], "China, Henan": [34.0000001, 113.9999999], "China, Sichuan": [30.5000001, 102.4999999], "China, Chongqing": [30.05518, 107.8748712], "China, Shanghai": [31.2322758, 121.4692071], "China, Zhejiang": [29.0000001, 119.9999999], "China, Beijing": [39.906217, 116.3912757], "China, Guangdong": [23.1357694, 113.1982688], "China, Hubei": [31.15172525, 112.87832224656043], "Finland": [63.2467777, 25.9209164], "France": [46.603354, 1.8883335], "Germany, Bavaria": [48.9467562, 11.4038717], "Hong Kong": [22.2793278, 114.1628131], "India": [22.3511148, 78.6677428], "Italy": [42.6384261, 12.674297], "Japan": [36.5748441, 139.2394179], "Macau": [22.1757605, 113.5514142], "Malaysia": [4.5693754, 102.2656823], "Nepal": [28.1083929, 84.0917139], "Philippines": [12.7503486, 122.7312101], "Russia": [64.6863136, 97.7453061], "Singapore": [1.357107, 103.8194992], "South Korea": [36.5581914, 127.9408564], "Spain": [39.3262345, -4.8380649], "Sri Lanka": [7.5554942, 80.7137847], "Sweden": [59.6749712, 14.5208584], "Taiwan": [23.9739374, 120.9820179], "Thailand": [14.8971921, 100.83273], "UK": [54.7023545, -3.2765753], "US, Washington": [38.8948932, -77.0365529], "US, Chicago": [41.8755616, -87.6244212], "US, Illinois": [40.0796606, -89.4337288], "US, Arizona": [34.395342, -111.7632755], "US, California": [36.7014631, -118.7559974], "United Arab Emirates": [24.0002488, 53.9994829], "Vietnam": [13.2904027, 108.4265113], "Australia, South Australia": [-30.5343665, 135.6301212], "Germany, Hong Kong": [51.49144235, 11.974836546938391], "US, Boston, MA": [42.3602534, -71.0582912], "US, Los Angeles, CA": [34.0536909, -118.2427666], "US, Orange, CA": [29.7742659, -95.3341066], "US, Santa Clara, CA": [37.3541132, -121.9551744], "US, Seattle, WA": [47.6038321, -122.3300624], "US, Tempe, AZ": [33.4255056, -111.9400125], "US, Chicago, IL": [41.8755616, -87.6244212]}